X,Y,id,name
8.7352499,49.709349,node/11437285,Raidelbach
8.6928307,49.712853,node/12101529,Reichenbach
8.6700312,49.7018372,node/12101530,Elmshausen
8.6613432,49.6954443,node/12101531,Wilmshausen
8.6478186,49.6931615,node/12101532,Schönberg
8.6227577,49.6810158,node/12101533,Bensheim
8.6723952,49.6835273,node/14957424,Gronau
8.6442677,49.6751508,node/14957425,Zell
8.7216153,49.6895585,node/14957644,Schannenbach
8.7415812,49.6878328,node/14957646,Seidenbuch
8.720596,49.7215029,node/14957650,Lautern
8.7551385,49.7073847,node/14957651,Kolmbach
8.7653187,49.6832088,node/15326364,Schlierbach
8.7676945,49.6660641,node/15326378,Ellenbach
8.6216694,49.741967,node/15612615,Alsbach
8.5688567,49.6985287,node/15843311,Schwanheim
8.2869901,49.0344882,node/17651838,Maximiliansau
8.6757891,49.6143807,node/19077718,Ober-Laudenbach
8.7379335,49.7354369,node/21424947,Brandau
8.7148255,49.7456381,node/21483731,Allertshofen
8.7942401,49.7473974,node/21483833,Steinau
8.76662,49.7428743,node/21483899,Lützelbach
8.7750291,49.7334221,node/21483901,Neunkirchen
8.787867,49.5313653,node/21757718,Unter-Abtsteinach
8.5673003,49.4735917,node/25150600,Ilvesheim
7.3641981,49.248655,node/25553522,Zweibrücken
7.5543118,49.4518819,node/25553755,Ramstein-Miesenbach
8.3461793,49.123748,node/25931973,Leimersheim
8.276964,49.0950751,node/25931974,Jockgrim
8.2755944,49.1185093,node/25931988,Rheinzabern
8.2911891,49.1539607,node/25932011,Rülzheim
8.7354401,49.5982679,node/25990203,Mörlenbach
8.4003114,49.088332,node/26230712,Eggenstein-Leopoldshafen
8.8229151,49.573415,node/26232062,Wald-Michelbach
8.7066162,49.7338578,node/26574489,Beedenkirchen
8.4795321,49.629609,node/26670507,Boxheimerhof
9.218655,49.142291,node/26769661,Heilbronn
8.0187576,49.1395457,node/27307809,Klingenmünster
8.6807668,49.2550577,node/27349262,Malschenberg
8.5245089,49.0532906,node/27430289,Weingarten
8.4981809,49.3004929,node/27759259,Altlußheim
8.5220709,49.2936758,node/27759263,Neulußheim
9.0059712,49.6793531,node/27795799,Michelstadt
8.9236356,49.3930241,node/28836187,Haag
8.8159217,49.3209158,node/28836896,Meckesheim
8.2844922,49.1964663,node/29024959,Bellheim
8.2506949,49.2343312,node/29024981,Zeiskam
9.1240565,49.1434266,node/29727657,Leingarten
9.101268,49.2393031,node/29736474,Bad Rappenau
8.9915645,49.2060256,node/29817655,Kirchardt
9.0827453,49.2908862,node/29875892,Hüffenhardt
9.0355066,49.290836,node/29877927,Wollenberg
9.0228836,49.3053074,node/29877928,Bargen
9.0006237,49.3070742,node/29877929,Flinsbach
8.9617359,49.293192,node/29878320,Neckarbischofsheim
9.275092,49.089717,node/29996224,Untergruppenbach
9.3845288,49.1693759,node/30585703,Dimbach
8.3204809,49.1166189,node/30631616,Neupotz
9.2865471,49.1503044,node/30902958,Weinsberg
8.5788029,49.5401174,node/31413766,Viernheim
9.046756,49.1775314,node/32972061,Massenbachhausen
9.2458327,49.0553992,node/33073921,Ilsfeld
9.3192878,49.0242983,node/34017999,Oberstenfeld
8.6499273,49.7122922,node/34748100,Hochstädten
9.212604,49.2300761,node/34966115,Bad Friedrichshall
9.1621599,49.2302875,node/34966318,Bad Wimpfen
9.1046603,49.3417296,node/34967258,Neckarelz
9.1466828,49.3010953,node/34967261,Haßmersheim
9.1322724,49.3182713,node/34968246,Neckarzimmern
8.1747857,49.2808783,node/35305838,Venningen
8.1316291,49.3052161,node/35310306,Maikammer
8.0846794,49.2672903,node/35317143,Weyher in der Pfalz
8.1067124,49.2708776,node/35326629,Rhodt unter Rietburg
8.0914033,49.2373251,node/35326799,Böchingen
8.9157223,49.2171053,node/35343739,Reihen
8.9084374,49.1373277,node/35344151,Eppingen
8.9321129,49.1920354,node/35344295,Ittlingen
9.3394769,49.0333063,node/35430464,Gronau
6.5736454,49.6984949,node/35611084,Konz
8.5515147,49.7184338,node/36478776,Langwaden
8.8409448,49.2723872,node/36679935,Hoffenheim
8.8767345,49.293953,node/36680245,Daisbach
8.9122305,49.336951,node/36680671,Epfenbach
8.9888513,49.3555418,node/36681151,Aglasterhausen
8.698707,49.2942599,node/36854138,Wiesloch
8.1150946,49.7455695,node/39817180,Alzey
6.7270395,49.6639149,node/41744884,Hinzenburg
6.7639526,49.6426448,node/41744889,Heddert
6.7609356,49.6803676,node/41745215,Holzerath
6.7257711,49.7192039,node/41745977,Gutweiler
7.2727046,49.2407074,node/50592866,Webenheim
7.2675005,49.227112,node/50592879,Mimbach
7.245947,49.1975189,node/50592888,Breitfurt
7.2207935,49.1672034,node/50592898,Herbitzheim
7.2036154,49.1459576,node/50592905,Gersheim
7.1819535,49.1378971,node/50598758,Reinheim
7.1817239,49.1957904,node/50598777,Erfweiler-Ehlingen
7.2599036,49.2370918,node/50598795,Blieskastel
7.2060613,49.2211866,node/50600951,Biesingen
7.1877516,49.2161954,node/50600963,Aßweiler
7.3351606,49.3876652,node/50604128,Waldmohr
8.9267066,49.6530227,node/50790290,Unter-Mossau
8.9254829,49.6754826,node/50790292,Ober-Mossau
8.8719543,49.7313998,node/50802226,Gersprenz
8.8831757,49.7531557,node/50802231,Nieder-Kainsbach
8.860648,49.7451903,node/50802233,Fränkisch-Crumbach
8.5739147,49.2945507,node/52202512,Reilingen
8.3737948,49.3865825,node/52241294,Schifferstadt
8.2934325,49.4582468,node/54084734,Fußgönheim
7.4264887,49.3797103,node/54138573,Vogelbach
7.4611902,49.3879228,node/54138583,Bruchmühlbach
7.4924859,49.4001451,node/54138593,Hauptstuhl
7.5722301,49.4143311,node/54146973,Landstuhl
7.6176432,49.4171957,node/54159990,Kindsbach
8.157317,49.5477461,node/54209332,Sausenheim
8.163722,49.5655288,node/54209345,Grünstadt
6.7912147,49.7151789,node/57478112,Osburg
6.8273758,49.7155911,node/57767593,Farschweiler
6.8064455,49.7424431,node/57768198,Thomm
9.067437,49.0784228,node/59158095,Brackenheim
9.0933985,49.0417185,node/59369713,Bönnigheim
9.0381355,49.0446069,node/59379041,Cleebronn
8.9999838,49.0668087,node/59392173,Güglingen
8.7712482,49.047056,node/59768621,Großvillars
8.7596985,49.0247561,node/59768680,Knittlingen
8.7425699,49.07346,node/59768858,Bauerbach
9.2954038,49.6217982,node/59936125,Rippberg
6.8206055,49.7308543,node/59954802,Herl
6.8475349,49.7385154,node/59954805,Lorscheid
6.7466119,49.7471253,node/59954916,Waldrach
6.7643213,49.7248774,node/59955029,Riveris
8.7091986,49.0739932,node/60044111,Büchig
8.6856885,49.0713712,node/60044117,Neibsheim
8.802283,49.0636846,node/60044456,Oberderdingen
8.8532565,49.0263256,node/60135842,Diefenbach
8.8510968,49.0499637,node/60135955,Sternenfels
8.8335471,49.6140773,node/60176680,Scharbach
8.153936,49.3761741,node/60272356,Gimmeldingen
8.4126428,49.1291444,node/60595997,Linkenheim-Hochstetten
8.2859985,49.5106351,node/60626443,Lambsheim
6.9481877,49.6554515,node/60720774,Hermeskeil
6.9708379,49.6059466,node/60720777,Nonnweiler
6.9011425,49.7055716,node/60720785,Hinzert
6.9096556,49.6997687,node/60720786,Pölert
8.7151408,49.2583899,node/60735619,Rotenberg
8.5930329,49.3927294,node/70697182,Plankstadt
6.7136463,49.6901692,node/70912693,Pluwig
6.6874368,49.6842783,node/70913401,Franzenheim
8.3960691,49.0791031,node/72783176,Eggenstein
8.0824098,49.0581256,node/74042819,Schaidt
7.9560342,49.0545613,node/74106494,Schweigen-Rechtenbach
7.9153099,49.7084844,node/76469155,Kriegsfeld
7.8680562,49.7207444,node/76470494,Oberhausen an der Appel
9.1892332,49.0474301,node/76694684,Neckarwestheim
9.1560581,49.0259996,node/76776406,Gemmrigheim
6.5043677,49.7109299,node/78302191,Oberbillig
6.4632795,49.6903047,node/78320148,Temmels
6.5941798,49.4903857,node/79608445,Mettlach
6.704062,49.3877286,node/79930409,Beckingen
6.9644654,49.4073926,node/79948317,Eppelborn
7.027472,49.3445751,node/79950188,Göttelborn
7.0573454,49.3574002,node/79950470,Merchweiler
6.6846642,49.3771121,node/79962296,Rehlingen
6.6676921,49.3611032,node/79963225,Siersburg
7.052847,49.3260163,node/80076497,Quierschied
7.0830577,49.3738524,node/80081132,Wemmetsweiler
6.859519,49.2522866,node/80120768,Völklingen
6.7956291,49.2751251,node/80129868,Bous
6.7183652,49.3277048,node/80154047,Wallerfangen
8.5408047,49.2443691,node/81132243,Kirrlach
6.5714944,49.6370255,node/81605620,Biebelhausen
6.856292,49.4123019,node/81671810,Primsweiler
6.8063014,49.3527139,node/81716069,Saarwellingen
8.1150442,49.0663877,node/83643531,Freckenfeld
8.1463809,49.0711967,node/83644462,Minfeld
7.9991268,49.1028075,node/83645986,Bad Bergzabern
8.0395996,49.1611001,node/84758390,Göcklingen
8.7720814,49.1384019,node/95895068,Menzingen
8.825661,49.2967457,node/96999250,Zuzenhausen
8.8756241,49.2105821,node/97009325,Weiler
8.9840589,49.1566963,node/97548667,Gemmingen
8.0956948,49.2434444,node/102364149,Flemlingen
8.1185258,49.2456857,node/102364227,Roschbach
8.0760182,49.2479829,node/102365258,Burrweiler
8.0659943,49.2411982,node/102366174,Gleisweiler
8.0506907,49.2098613,node/102367870,Siebeldingen
8.0299651,49.2189513,node/102367938,Albersweiler
8.037022,49.2048302,node/102368766,Birkweiler
8.0321597,49.1970339,node/102369350,Ranschbach
8.0204907,49.1825066,node/102370065,Leinsweiler
8.1480501,49.1571411,node/102370757,Insheim
8.2508767,49.1924269,node/102371652,Knittelsheim
8.8628361,49.3216701,node/102933983,Eschelbronn
8.9743343,49.4020866,node/103025381,Schwanheim
9.0708092,49.4003125,node/103038546,Neckargerach
9.1389267,49.4002624,node/105667958,Lohrbach
9.1489873,49.4734161,node/105720578,Wagenschwend
7.0352964,49.1585603,node/105913937,Kleinblittersdorf
7.2450805,49.6865866,node/116790060,Niederbrombach
8.0821264,49.1355756,node/124283164,Ingenheim
8.0826414,49.1413032,node/124283580,Appenhofen
8.095001,49.1307459,node/124287393,Mühlhofen
8.0998582,49.1382493,node/124287517,Billigheim
8.0572355,49.1398433,node/124295973,Klingen
9.1086334,49.3514334,node/137682200,Diedesheim
9.1031696,49.3234232,node/145384027,Hochhausen
9.1369802,49.3717176,node/145426199,Waldstadt
9.2246475,49.7287668,node/148118815,Großheubach
9.2149075,49.7218493,node/148121258,Kleinheubach
9.2713816,49.7158643,node/148122845,Bürgstadt
9.3172635,49.7441691,node/148124714,Kirschfurt
9.220731,49.6915211,node/148126437,Breitendiel
9.2225034,49.643684,node/148127744,Amorbach
9.3737527,49.6891426,node/148131718,Umpfenbach
9.1823607,49.711653,node/148146017,Rüdenau
9.1860705,49.6907721,node/148146205,Mainbullau
9.1769743,49.6749849,node/148146685,Weckbach
9.3748994,49.6709902,node/148149249,Pfohlbach
9.3582483,49.6659906,node/148149422,Heppdiel
9.383644,49.7410617,node/148163389,Rauenberg
9.359863,49.7162867,node/148164166,Ebenheid
9.339833,49.6582008,node/148168294,Windischbuchen
8.6755572,49.7479353,node/152369187,Stettbach
8.0065729,49.124931,node/162734387,Gleiszellen-Gleishorbach
8.0553137,49.1466352,node/162736125,Heuchelheim
8.0311205,49.1017841,node/162738082,Kapellen-Drusweiler
8.0019315,49.1141487,node/162740901,Pleisweiler
8.0111971,49.1198459,node/162741133,Oberhofen
8.0728342,49.101447,node/162742957,Barbelroth
8.0696204,49.0815016,node/162745040,Dierbach
8.3448693,49.3145066,node/164407838,Hanhofen
8.3299862,49.2694079,node/164409617,Schwegenheim
8.2534154,49.3050276,node/164411991,Geinsheim
8.2145158,49.2991519,node/164414993,Duttweiler
8.1958916,49.3218667,node/164416100,Lachen
8.2062761,49.3357479,node/164416197,Speyerdorf
8.1887666,49.2618656,node/164425023,Kleinfischlingen
8.2765847,49.2450598,node/164426711,Lustadt
6.7582558,49.6900139,node/164734405,Bonerath
6.7372881,49.6998907,node/164774104,Lonzenburg
7.9664461,49.168774,node/168022326,Waldrohrbach
7.9322136,49.169157,node/168022484,Völkersweiler
7.9270638,49.1614121,node/168024101,Gossersweiler-Stein
7.9679192,49.1491748,node/168024789,Münchweiler am Klingbach
7.9324802,49.1151354,node/168027787,Birkenhördt
7.9371918,49.0971608,node/168029543,Böllenborn
7.8621631,49.1124928,node/168033768,Erlenbach bei Dahn
7.8811513,49.1268452,node/168035786,Vorderweidenthal
7.9755327,49.1887177,node/168043325,Bindersbach
7.9681677,49.2242284,node/168044649,Gräfenhausen
7.972228,49.2415479,node/168045356,Eußerthal
9.3653227,49.5206557,node/172903895,Hettingen
8.2438735,49.1108161,node/173617018,Hatzenbühl
8.2775945,49.4172709,node/176507045,Hochdorf-Assenheim
8.3050599,49.4378052,node/176507734,Schauernheim
8.2659966,49.4299651,node/176509107,Rödersheim-Gronau
8.3542306,49.4422445,node/176509158,Mutterstadt
8.2617051,49.4631124,node/176511150,Ellerstadt
8.1980187,49.3997001,node/176513866,Ruppertsberg
8.7376747,49.3025174,node/176887682,Baiertal
8.7088627,49.5401325,node/180001394,Gorxheim
6.9816934,49.7255436,node/182756250,Dhronecken
9.1337201,49.2829732,node/185485880,Neckarmühlbach
9.0570919,49.4641324,node/185487412,Waldkatzenbach
9.1623,49.4522852,node/185487417,Robern
9.3611411,49.3233013,node/187709621,Möckmühl
9.2200008,49.401336,node/192609333,Auerbach
9.2842887,49.4169396,node/192610483,Oberschefflenz
8.9767816,49.3248537,node/195400880,Helmstadt
9.1254373,49.3729464,node/195417429,Nüstenbach
9.1681837,49.3786293,node/195497983,Neckarburken
9.1894698,49.3847758,node/195498605,Dallau
8.2108403,49.5066726,node/197820432,Freinsheim
9.0218476,49.3638873,node/198828565,Breitenbronn
9.0340166,49.3842729,node/198828617,Neckarkatzenbach
9.0766248,49.389961,node/198912862,Guttenbach
9.0777233,49.4352484,node/198913084,Schollbrunn
9.0545433,49.4477041,node/198913166,Oberdielbach
9.0754859,49.4629722,node/198920487,Strümpfelbrunn
9.1587461,49.5049566,node/198931184,Scheidental
9.203843,49.5330014,node/198935032,Mudau
9.1533884,49.5389678,node/198946061,Schloßau
9.1773699,49.6179281,node/198970343,Kirchzell
8.0923966,49.0965179,node/201487940,Hergersweiler
7.6392258,49.2384912,node/201863321,Rodalben
8.6187947,49.1795983,node/204036762,Weiher
8.6480013,49.2027018,node/204060889,Bad Langenbrücken
6.5215199,49.6722284,node/205104725,Tawern
9.3655622,49.1140029,node/207134282,Hößlinsülz
6.8889313,49.5410205,node/213062588,Wadern
6.7969551,49.6140207,node/213064056,Waldweiler
6.4816511,49.6442489,node/224003599,Onsdorf
6.4959717,49.6355829,node/224003606,Kümmern
8.955414,49.2630032,node/224649346,Adersbach
8.8622245,49.1952362,node/224739111,Hilsbach
7.9263693,49.2180664,node/227299328,Rinnthal
8.4190139,49.1723804,node/240023656,Dettenheim (Baden)
8.1144699,49.0977236,node/240023766,Winden
9.2481247,49.6389609,node/240023798,Schneeberg
7.7061144,49.6913692,node/240023979,Schmittweiler
8.3199952,49.5602951,node/240024070,Beindersheim
8.5450393,49.6725336,node/240024261,Einhausen
6.6932008,49.6170655,node/240024349,Hentern
8.2366619,49.2844072,node/240024431,Böbingen
8.96222,49.7325,node/240024625,Brombachtal
8.0950894,49.6495137,node/240024640,Albisheim (Pfrimm)
8.005256,49.2469822,node/240024652,Dernbach
9.0405229,49.4191717,node/240024716,Zwingenberg
7.8091705,49.7099007,node/240024902,Oberndorf
7.5979687,49.6356982,node/240025024,Lohnweiler
7.0116682,49.6426732,node/240025187,Neuhütten
9.2692171,49.1702206,node/240025535,Erlenbach
7.5648537,49.5587895,node/240025617,Eßweiler
8.2136433,49.5684671,node/240025778,Obersülzen
7.6075894,49.7091668,node/240025793,Jeckenbach
7.6056836,49.6276796,node/240026111,Heinzenhausen
7.1430408,49.5870808,node/240026193,Nohfelden
6.4334568,49.6692928,node/240026204,Wellen
7.7111467,49.0872576,node/240026377,Fischbach bei Dahn
7.3310741,49.4669059,node/240026458,Krottelbach
8.2647113,49.5485287,node/240026760,Gerolsheim
7.4996312,49.7411039,node/240026825,Becherbach
7.513853,49.5801828,node/240027016,Elzweiler
8.9735734,49.5675334,node/240027020,Beerfelden
7.7723649,49.5008961,node/240027638,Otterberg
8.3224532,49.2459386,node/240027834,Westheim (Pfalz)
9.1456196,49.0428428,node/240027838,Kirchheim am Neckar
7.5115722,49.6083958,node/240027848,Sankt Julian
7.5558081,49.3360546,node/240028232,Hettenhausen
7.0963644,49.6158565,node/240028353,Meckenbach
8.88333,49.3464,node/240028475,Spechbach
6.9662026,49.7433648,node/240028672,Lückenburg
7.2607462,49.6983772,node/240028726,Oberbrombach
7.663257,49.0756968,node/240028737,Ludwigswinkel
7.7729916,49.5754009,node/240029364,Gehrweiler
7.6560835,49.7437451,node/240029389,Abtweiler
7.2002544,49.7189044,node/240029668,Leisel
7.3541281,49.5085244,node/240030024,Konken
8.5237178,49.367538,node/240030099,Ketsch
7.7328467,49.6308738,node/240030192,Teschenmoschel
7.4786499,49.2386825,node/240030544,Dellfeld
7.6060529,49.2886589,node/240030735,Höheinöd
7.6306732,49.7180394,node/240030824,Desloch
8.4981449,49.432853,node/240030948,Altrip
7.9356432,49.5528371,node/240031237,Sippersfeld
8.5868965,49.1527177,node/240031407,Forst
6.3874514,49.4735915,node/240031493,Perl
7.9229398,49.5234456,node/240031927,Neuhemsbach
7.6860831,49.7342256,node/240031968,Rehborn
7.6700779,49.706647,node/240031974,Meisenheim
8.6328799,49.2190434,node/240032112,Kronau
7.5045923,49.5775154,node/240032692,Welchweiler
7.5292014,49.5397005,node/240033063,Bosenbach
7.521961,49.3554324,node/240033113,Gerhardsbrunn
7.7738979,49.6419834,node/240033711,Schönborn
7.5213458,49.316521,node/240033794,Wallhalben
7.6310962,49.6977623,node/240033858,Breitenheim
7.7200953,49.6148174,node/240034001,Rathskirchen
7.8033913,49.693838,node/240034175,Mannweiler-Cölln
8.2549935,49.1525055,node/240034255,Herxheimweyher
7.6199613,49.498682,node/240034351,Erzenhausen
7.1618243,49.6862306,node/240034362,Oberhambach
7.4710556,49.3032873,node/240034515,Winterbach
7.876997,49.7353027,node/240034648,Münsterappel
7.5255755,49.6656717,node/240034736,Langweiler
9.3410856,49.3635412,node/240035127,Roigheim
7.2797042,49.6715275,node/240035293,Sonnenberg-Winnenberg
8.287455,49.4815909,node/240035662,Maxdorf
7.3204294,49.4415289,node/240035762,Altenkirchen
7.4293094,49.2481055,node/240035781,Contwig
7.4174933,49.3267832,node/240036287,Käshofen
8.74972,49.3664,node/240036650,Gaiberg
8.09056,49.1367,node/240036808,Billigheim-Ingenheim
7.3279177,49.5405662,node/240036924,Pfeffelbach
7.7868284,49.6650596,node/240036977,Stahlberg
8.0683294,49.3714018,node/240036993,Lambrecht
9.25389,49.3486,node/240037046,Billigheim
8.8278266,49.4810598,node/240037084,Heddesbach
7.2428138,49.6394166,node/240037128,Nohen
7.8206451,49.6290332,node/240037148,Rockenhausen
6.9880495,49.7158761,node/240037320,Malborn
7.5221658,49.1505113,node/240037331,Kröppen
7.1449697,49.6150747,node/240037399,Ellweiler
7.9136812,49.4542256,node/240037458,Fischbach
7.6594462,49.538649,node/240037600,Olsbrücken
7.5044832,49.2470602,node/240037762,Rieschweiler-Mühlbach
7.08027,49.6887858,node/240038485,Börfink
7.4894988,49.5253416,node/240038531,Föckelberg
8.1399689,49.5329203,node/240038927,Battenberg
8.2866629,49.2597025,node/240039135,Weingarten
9.2559718,49.7017584,node/240039199,Miltenberg
7.5600876,49.1162057,node/240039929,Eppenbrunn
8.1878963,49.1114274,node/240040122,Erlenbach bei Kandel
7.7171638,49.5222379,node/240040506,Mehlbach
7.4244554,49.5127371,node/240040567,Etschberg
8.5829567,49.3695728,node/240040881,Oftersheim
7.5358647,49.6918551,node/240040896,Hoppstädten
8.2492995,49.7002565,node/240040903,Westhofen
8.0,49.4167,node/240041144,Weidenthal
7.4552486,49.5278275,node/240041377,Rutsweiler am Glan
6.548746,49.6082527,node/240041424,Saarburg
8.0191685,49.1741136,node/240041582,Eschbach
8.5304408,49.1353209,node/240041892,Karlsdorf-Neuthard
7.5920007,49.6500361,node/240041906,Lauterecken
7.5745537,49.7011222,node/240042163,Schweinschied
8.2367474,49.5537234,node/240042618,Laumersheim
7.5489718,49.2308433,node/240043560,Höheischweiler
8.1045562,49.5384766,node/240043652,Tiefenthal
6.5769538,49.6661301,node/240043861,Kanzem
7.8154248,49.7242877,node/240043876,Alsenz
6.5772719,49.6390544,node/240043890,Schoden
7.9393079,49.3506335,node/240043933,Elmstein
8.32494,49.7053458,node/240043994,Osthofen
7.8628563,49.7063963,node/240044051,Gaugrehweiler
7.510316,49.2820187,node/240044116,Reifenberg
6.8842422,49.6207938,node/240044260,Grimburg
7.257772,49.5835452,node/240044418,Rohrbach
7.3990769,49.4411932,node/240044869,Börsborn
7.8523678,49.5696123,node/240044918,Winnweiler
7.5567381,49.5345376,node/240045218,Jettenbach
7.7873716,49.09636,node/240045348,Rumbach
7.3877788,49.5800087,node/240045374,Dennweiler-Frohnbach
9.0876329,49.4625399,node/240045435,Waldbrunn
8.8128458,49.106738,node/240045451,Zaisenhausen
9.2138586,49.1005935,node/240045510,Flein
7.9784594,49.7311961,node/240045606,Nieder-Wiesen
8.247413,49.0196679,node/240045834,Hagenbach
7.2333295,49.2833031,node/240045869,Kirkel
8.0732258,49.5589556,node/240045920,Eisenberg (Pfalz)
8.2156228,49.1463456,node/240046519,Herxheim
7.628168,49.3232252,node/240046811,Hermersberg
7.4310187,49.525221,node/240047079,Haschbach am Remigiusberg
6.5539804,49.7089913,node/240047092,Igel
7.6513766,49.3147666,node/240047222,Steinalben
8.0417454,49.504022,node/240047229,Carlsberg
7.8714469,49.1451153,node/240047294,Oberschlettenbach
7.2923051,49.4938016,node/240047641,Selchenbach
7.0525145,49.3777244,node/240047942,"Illingen, Saar"
8.1350314,49.2635549,node/240048100,Edesheim
7.4908691,49.6642782,node/240048111,Unterjeckenbach
8.0325,49.67,node/240048183,Bischheim
7.7990093,49.0687679,node/240048266,Nothweiler
8.03694,49.0483,node/240048350,Steinfeld (Pfalz)
7.4335683,49.3460597,node/240048455,Rosenkopf
7.3696041,49.5629801,node/240048694,Körborn
7.4406178,49.4720475,node/240048857,Glan-Münchweiler
9.2165164,49.668491,node/240049051,Weilbach
7.4632718,49.3298325,node/240049399,Krähenberg
8.16417,49.6111,node/240049500,Kindenheim
7.2924151,49.5782783,node/240049777,Berschweiler bei Baumholder
7.549097,49.3708476,node/240049948,Mittelbrunn
8.7328525,49.5310565,node/240049963,Gorxheimertal
7.6505906,49.6842161,node/240050103,Odenbach
7.3955794,49.7436099,node/240050150,Fischbach
7.4760398,49.2102149,node/240050333,Walshausen
7.9791823,49.4377753,node/240050335,Frankenstein
7.6898368,49.3547721,node/240050575,Schopp
7.2382022,49.5815082,node/240050607,Rückweiler
7.6847931,49.1962166,node/240050806,Ruppertsweiler
7.7983408,49.6788987,node/240051287,Bayerfeld-Steckweiler
7.4426974,49.4455503,node/240051359,Nanzdietschweiler
7.1111344,49.6378235,node/240051758,Brücken
7.5475122,49.3049127,node/240052155,Herschberg
7.478924,49.3642326,node/240052181,Martinshöhe
7.6268189,49.6202283,node/240052221,Hohenöllen
7.3972749,49.5569267,node/240052266,Blaubach
8.2667399,49.0543232,node/240052366,Wörth am Rhein
7.7066116,49.2170259,node/240052525,Münchweiler an der Rodalb
7.8239609,49.5900432,node/240052761,Schweisweiler
7.1836913,49.6140093,node/240052920,Hoppstädten-Weiersbach
7.6955565,49.5784546,node/240053086,Niederkirchen
9.2112167,49.4619356,node/240053190,Limbach
9.16194,49.2844,node/240053295,Gundelsheim
8.6959385,49.3228653,node/240053346,Nußloch
8.3263884,49.1658021,node/240053922,Hördt
8.0487441,49.3758516,node/240053998,Frankeneck
8.0083015,49.2606966,node/240054027,Ramberg
8.1808221,49.5372024,node/240054129,Kirchheim an der Weinstraße
7.4044932,49.4658947,node/240054206,Henschtal
6.6865072,49.6014456,node/240054276,Zerf
9.1460205,49.3521085,node/240054408,Mosbach
7.515507,49.6509461,node/240054446,Homberg
7.1587277,49.6725799,node/240054590,Gollenberg
7.6557364,49.722842,node/240054653,Raumbach
7.5097022,49.7130769,node/240054857,Otzweiler
6.593784,49.6038892,node/240054896,Irsch
8.1316634,49.1371711,node/240054967,Rohrbach (Pfalz)
6.876529,49.6749794,node/240055019,Reinsfeld
8.09833,49.5872,node/240055025,Lautersheim
7.9790958,49.6224018,node/240055068,Bennhausen
7.2642225,49.7120785,node/240055307,Rötsweiler
7.5286206,49.6123783,node/240055386,Glanbrücken
8.6415885,49.1708959,node/240055939,Ubstadt-Weiher
7.4411279,49.4852484,node/240056011,Rehweiler
9.1519563,49.0126104,node/240056016,Walheim
7.6201654,49.5668215,node/240056728,Rutsweiler an der Lauter
6.6374902,49.4427023,node/240056876,Merzig
6.749846,49.3164661,node/240056915,Saarlouis
7.7494938,49.6446096,node/240057672,Bisterschied
8.0567911,49.0982792,node/240057869,Oberhausen
9.21056,49.3897,node/240057944,Elztal
8.694724,49.4093582,node/240058050,Heidelberg
8.22306,49.4469,node/240058151,Friedelsheim
8.1635208,49.3017811,node/240058567,Kirrweiler
8.246886,49.5640443,node/240058619,Dirmstein
7.3936417,49.1856954,node/240059045,Mauschbach
7.5474791,49.5916027,node/240059380,Hinzweiler
7.5514132,49.6241853,node/240059618,Offenbach-Hundheim
8.1652801,49.7056001,node/240059626,Eppelsheim
7.4698424,49.7318702,node/240059666,Schmidthachenbach
6.654198,49.6049241,node/240059673,Vierherrenborn
7.608972,49.5979301,node/240059793,Oberweiler-Tiefenbach
6.6914241,49.7024864,node/240059979,Hockweiler
8.9294302,49.4107627,node/240060085,Schönbrunn
8.7604365,49.6239375,node/240060611,Rimbach
8.4673098,49.4892913,node/240060919,Mannheim
8.5340405,49.3953536,node/240061033,Brühl
7.8033681,49.1132218,node/240061240,Bruchweiler-Bärenbach
8.3145695,49.1458635,node/240061345,Kuhardt
8.7069344,49.5625034,node/240061432,Birkenau
7.4235905,49.7185284,node/240061884,Dickesbach
8.0986017,49.3803041,node/240061922,Lindenberg
7.4624881,49.2775977,node/240062176,Battweiler
8.612855,49.7247617,node/240062284,Zwingenberg
8.440276,49.3953008,node/240062480,Waldsee
7.9614852,49.6989483,node/240062567,Oberwiesen
8.18194,49.6064,node/240062624,Bockenheim an der Weinstraße
8.7762994,49.6477624,node/240062641,Fürth
7.7476916,49.0604139,node/240063010,Schönau (Pfalz)
8.8781456,49.3694424,node/240063083,Lobbach
7.3136563,49.7107134,node/240063385,Idar-Oberstein
8.0199273,49.0446879,node/240063429,Kapsweyer
7.4550101,49.5846063,node/240063655,Ulmet
8.23806,49.6061,node/240063873,Offstein
8.6433518,49.3038134,node/240063916,Walldorf
6.7000179,49.2447709,node/240064298,Überherrn
8.2124546,49.4124307,node/240064503,Niederkirchen
8.17917,49.5092,node/240064546,Herxheim am Berg
6.5316603,49.5470153,node/240065045,Freudenburg
6.5594619,49.5647707,node/240065056,Kastel-Staadt
7.8527354,49.5512425,node/240065172,Lohnsfeld
8.3442732,49.2487587,node/240065582,Lingenfeld
7.3395323,49.751337,node/240065865,Gerach
7.3687796,49.1875373,node/240066321,Hornbach
7.5814956,49.1672279,node/240066739,Obersimten
8.23694,49.7439,node/240066801,Dittelsheim-Heßloch
6.7791216,49.3019864,node/240066891,Ensdorf/Saar
7.5406917,49.6369587,node/240066926,Buborn
7.575774,49.3151328,node/240067031,Schauerberg
7.4459932,49.1780561,node/240067462,Riedelberg
7.375756,49.4847951,node/240067682,Wahnwegen
7.4544721,49.3335213,node/240068143,Wiesbach
8.87722,49.2553,node/240068243,Sinsheim
7.0323463,49.481406,node/240068395,Tholey
7.510308,49.1285967,node/240068428,Schweix
7.4293256,49.3672315,node/240068444,Lambsborn
6.5256053,49.5782833,node/240068565,Trassem
7.7976967,49.5552001,node/240068595,Höringen
8.05972,49.5764,node/240068598,Kerzenheim
7.864132,49.6836985,node/240068655,Sankt Alban
7.5757415,49.35598,node/240068736,Obernheim-Kirchenarnbach
7.58333,49.2666999,node/240068764,Thaleischweiler-Fröschen
7.4491571,49.5178476,node/240069080,Theisbergstegen
7.6375597,49.5067019,node/240069166,Eulenbis
7.3589526,49.4316092,node/240069247,Brücken (Pfalz)
8.0580516,49.227802,node/240069344,Frankweiler
8.10861,49.5683,node/240069721,Ebertsheim
6.497499,49.7249561,node/240069915,Langsur
7.33333,49.6167,node/240070139,Baumholder
7.2492297,49.7117754,node/240070289,Nockenthal
7.8449815,49.0859986,node/240070416,Niederschlettenbach
7.3499826,49.4501787,node/240070421,Ohmbach
7.6679905,49.5923183,node/240070673,Relsberg
7.1800517,49.704469,node/240071015,Schwollen
7.736859,49.4859015,node/240071019,Otterbach
8.1123441,49.1982825,node/240071404,Landau in der Pfalz
8.3041363,49.3753066,node/240071480,Böhl-Iggelheim
8.4300262,49.7329907,node/240072069,Hamm am Rhein
6.5868216,49.5502933,node/240072184,Taben-Rodt
7.407183,49.3519698,node/240072199,Bechhofen
6.7447054,49.5082531,node/240073046,Losheim am See
7.7299367,49.3338914,node/240073189,Schmalenberg
7.516971,49.626719,node/240073210,Deimberg
7.6122254,49.3903098,node/240073317,Bann
7.7802569,49.1493317,node/240073481,Dahn
7.5756521,49.6008755,node/240073684,Aschbach
9.1954342,49.0844903,node/240073866,Talheim
7.8069651,49.0961271,node/240073898,Bundenthal
6.8181406,49.556097,node/240073916,Weiskirchen
7.5493425,49.5811862,node/240073955,Oberweiler im Tal
8.3250304,49.7388606,node/240074120,Mettenheim
7.4997826,49.3751438,node/240074147,Langwieden
7.9957028,49.0403225,node/240074169,Schweighofen
8.36659,49.2222749,node/240074173,Germersheim
8.00778,49.1181,node/240074253,Pleisweiler-Oberhofen
7.7562584,49.0493305,node/240074278,Hirschthal
8.6460261,49.5919545,node/240074290,Hemsbach
8.433615,49.3165553,node/240074382,Speyer
7.5818183,49.5161743,node/240074680,Kollweiler
7.5007113,49.6347024,node/240074838,Kirrweiler
7.6664782,49.3627842,node/240074846,Krickenbach
7.7426502,49.7168198,node/240075171,Unkenbach
7.3068304,49.7410746,node/240075337,Vollmersbach
7.3291716,49.4932546,node/240075389,Langenbach
7.5877705,49.3851521,node/240075400,Oberarnbach
7.5649354,49.2490285,node/240075518,Höhfröschen
6.5501841,49.6537995,node/240075575,Wawern
7.5288366,49.2707349,node/240075893,Maßweiler
7.3665849,49.4071098,node/240076068,Kübelberg
6.7516355,49.7329611,node/240076113,Morscheid
6.9824934,49.6679103,node/240076206,Damflos
7.2995906,49.4538751,node/240076568,Frohnhofen
8.2108919,49.6362722,node/240076587,Monsheim
8.3456528,49.2953025,node/240076953,Harthausen
7.2872733,49.6402032,node/240077356,Reichenbach
7.3562265,49.7396737,node/240077429,Hintertiefenbach
7.5551907,49.7247054,node/240077502,Hundsbach
7.8636231,49.7455772,node/240077689,Winterborn
7.5011645,49.6927014,node/240077972,Sien
8.88472,49.3167,node/240078144,Neidenstein
9.0571085,49.1414205,node/240078196,Schwaigern
7.2907913,49.6207996,node/240078230,Ruschberg
8.1088718,49.6255111,node/240078369,Ottersheim
7.1156707,49.2788378,node/240078720,St. Ingbert
6.9163463,49.7272641,node/240078813,Beuren (Hochwald)
7.5690505,49.6388181,node/240079124,Wiesweiler
6.8524925,49.4424184,node/240079324,Schmelz
7.3367134,49.4291092,node/240079487,Dittweiler
8.20083,49.7239,node/240079599,Hochborn
7.4413713,49.7472894,node/240079629,Bärenbach
9.1296243,49.1089606,node/240079687,Nordheim
7.4592064,49.4954267,node/240079691,Matzenbach
8.3115489,49.5751734,node/240079952,Großniedesheim
7.2038888,49.6645257,node/240080004,Schmißberg
7.4571652,49.5667552,node/240080014,Bedesbach
7.6628963,49.6337092,node/240080045,Reipoltskirchen
8.1185166,49.6278195,node/240080669,Bubenheim
7.7249618,49.7343678,node/240080753,Lettweiler
7.6875628,49.6035639,node/240080848,Hefersweiler
8.4546679,49.2367495,node/240080860,Philippsburg
6.6705104,49.67532,node/240081129,Pellingen
7.8507513,49.5277698,node/240081506,Wartenberg-Rohrbach
8.4674561,49.5944958,node/240081797,Lampertheim
7.6455041,49.351416,node/240082006,Linden
7.6761109,49.2604716,node/240082636,Clausen
7.2521104,49.6004098,node/240082833,Berglangenbach
7.4676197,49.6060487,node/240083117,Niederalben
7.6568955,49.4740942,node/240083162,Rodenbach
8.85583,49.1047,node/240083325,Sulzfeld
8.1652322,49.2215638,node/240083448,Bornheim
7.6996385,49.7038676,node/240083582,Callbach
7.8574583,49.5131074,node/240083623,Sembach
7.5423929,49.741133,node/240083644,Limbach
7.6148022,49.6672334,node/240083678,Medard
7.2395857,49.7303532,node/240083883,Siesbach
7.5290589,49.1239225,node/240083893,Hilst
7.4698295,49.2001483,node/240083898,Kleinsteinhausen
7.9559826,49.6120046,node/240083900,Jakobsweiler
7.4451691,49.5420693,node/240083933,Rammelsbach
7.4424321,49.5740655,node/240084036,Erdesbach
8.20444,49.5922222,node/240084059,Obrigheim (Pfalz)
7.5393269,49.6668276,node/240084265,Merzweiler
6.5092471,49.6336822,node/240084501,Mannebach
8.611448,49.2672201,node/240084700,St. Leon-Rot
7.8740598,49.6079336,node/240084960,Falkenstein
7.7527784,49.618449,node/240085035,Dörrmoschel
8.0107385,49.6644306,node/240085039,Kirchheimbolanden
7.7690437,49.6631648,node/240085206,Ransweiler
7.5998597,49.7419098,node/240085666,Bärweiler
7.414056,49.1899817,node/240085816,Dietrichingen
6.8903866,49.7525891,node/240085830,Bescheid
7.4882987,49.5087858,node/240085945,Neunkirchen am Potzberg
7.6191542,49.7396136,node/240086080,Lauschied
7.6308536,49.5508033,node/240086293,Kreimbach-Kaulbach
8.2229542,49.6819023,node/240086619,Bermersheim
7.7955022,49.7319742,node/240086943,Niedermoschel
9.1641184,49.2434278,node/240087107,Offenau
8.2944607,49.7275347,node/240087241,Bechtheim
7.8965283,49.4440075,node/240087333,Hochspeyer
6.681871,49.5620173,node/240087420,Greimerath
6.7426045,49.6789901,node/240087618,Schöndorf
7.4003809,49.5784836,node/240087797,Oberalben
7.8931059,49.7463536,node/240087820,Niederhausen an der Appel
6.7248448,49.7272535,node/240088071,Korlingen
8.1246381,49.6515358,node/240088228,Einselthum
7.2105432,49.6568566,node/240088446,Rimsberg
9.1742471,49.7451122,node/240088792,Laudenbach
7.1647477,49.6488236,node/240089038,Birkenfeld
8.0131458,49.6029907,node/240089097,Dreisen
7.7830264,49.7087212,node/240089122,Sitters
7.1403438,49.5216883,node/240089328,Namborn
8.1748699,49.2350343,node/240089850,Essingen
8.3898185,49.3160711,node/240090091,Dudenhofen
8.3615328,49.5836185,node/240090120,Bobenheim-Roxheim
8.9753958,49.0641578,node/240090253,Pfaffenhofen
7.545856,49.1404618,node/240090269,Trulben
7.6252251,49.6515677,node/240090363,Cronenberg
6.4434838,49.6534616,node/240090367,Nittel
7.2016034,49.6735235,node/240090380,Elchweiler
8.2564361,49.6625051,node/240090597,Mörstadt
7.9959193,49.6151171,node/240090824,Weitersweiler
9.3243187,49.5222974,node/240090876,Buchen (Odenwald)
7.4647362,49.4596537,node/240090900,Niedermohr
8.4505856,49.3730488,node/240091045,Otterstadt
8.0319269,49.7262832,node/240091199,Offenheim
7.8811501,49.1676024,node/240091226,Schwanheim
9.36667,49.5833,node/240091301,Walldürn
7.5551119,49.6574375,node/240091559,Grumbach
7.1200237,49.6554036,node/240091712,Buhlenberg
8.1248214,49.2354825,node/240091750,Walsheim
7.754733,49.1956519,node/240091928,Hinterweidenthal
8.1264335,49.5848789,node/240092242,Quirnheim
8.1011018,49.2575014,node/240092521,Hainfeld
8.15111,49.5242,node/240092531,Bobenheim am Berg
7.0849085,49.5114206,node/240092626,Oberthal
6.8220722,49.3027081,node/240092641,Schwalbach (Saar)
7.6923239,49.3271875,node/240092851,Geiselberg
8.0925899,49.6703469,node/240093054,Stetten
6.5842029,49.6241185,node/240093063,Ockfen
7.7689951,49.4432174,node/240093234,Kaiserslautern
7.7652359,49.6938547,node/240093359,Schiersfeld
8.80361,49.3614,node/240093472,Wiesenbach
8.1709742,49.6477072,node/240093779,Mölsheim
7.5299995,49.649486,node/240093818,Herren-Sulzbach
8.0561629,49.1819105,node/240093932,Ilbesheim
7.5120579,49.3075494,node/240094305,Schmitshausen
6.5750795,49.5748582,node/240094429,Serrig
6.7005703,49.6491942,node/240094590,Lampaden
8.4007852,49.2803387,node/240094843,Römerberg
9.3261061,49.7486131,node/240094846,Freudenberg
7.223746,49.5912809,node/240094856,Leitzweiler
7.5330903,49.5032304,node/240095158,Reichenbach-Steegen
7.9835,49.5945472,node/240095320,Standenbühl
7.746193,49.5381672,node/240095367,Schneckenhausen
8.1447179,49.237209,node/240095444,Knöringen
9.3313801,49.7027308,node/240095518,Eichenbühl
7.6550977,49.2853395,node/240095624,Waldfischbach-Burgalben
7.2548948,49.347299,node/240095638,Bexbach
7.6476351,49.6692901,node/240095805,Adenbach
7.5934825,49.5471041,node/240096021,Rothselberg
7.4809172,49.4210426,node/240096051,Hütschenhausen
7.7294355,49.5971315,node/240096061,Reichsthal
7.8284988,49.130363,node/240096062,Busenberg
7.2672373,49.4331247,node/240096342,Breitenbach
7.2628961,49.6595009,node/240096426,Kronweiler
8.7036146,49.2672457,node/240096714,Rauenberg
7.5388667,49.4731791,node/240096870,Kottweiler-Schwanden
8.8456259,49.0775127,node/240097438,Kürnbach
7.2481879,49.6141458,node/240097639,Heimbach
8.07722,49.065,node/240097815,Vollmersweiler
8.3223532,49.5868686,node/240098014,Kleinniedesheim
6.7162864,49.7005323,node/240098039,Gusterath
7.1890665,49.5851303,node/240098511,Gimbweiler
7.0048055,49.731533,node/240098622,Hilscheid
7.2917468,49.5588626,node/240098644,Eckersweiler
8.9891492,49.3773996,node/240098919,Schwarzach
6.4766641,49.5789521,node/240098958,Merzkirchen
7.4545085,49.1917589,node/240098985,Großsteinhausen
7.9707656,49.0704303,node/240099212,Oberotterbach
7.8126171,49.6437673,node/240099384,Katzenbach
9.3293362,49.2361584,node/240099552,Neuenstadt am Kocher
8.6509705,49.6122232,node/240099620,Laudenbach
6.83536,49.2038888,node/240099673,Großrosseln
7.4433474,49.7266085,node/240099691,Mittelreidenbach
8.7270936,49.2481325,node/240099853,Mühlhausen
6.4273925,49.6083217,node/240100060,Wincheringen
7.5937852,49.4959219,node/240100135,Schwedelbach
8.1540344,49.5134975,node/240100215,Weisenheim am Berg
8.2109957,49.2416656,node/240100402,Hochstadt
8.4022436,49.7492025,node/240100546,Eich
9.0899361,49.352445,node/240100783,Obrigheim
7.6417798,49.2656518,node/240101047,Donsieders
7.0573231,49.45163,node/240101411,Marpingen
7.7381159,49.3792288,node/240101461,Stelzenberg
8.1970699,49.0809754,node/240101743,Kandel
9.0583418,49.3681375,node/240101936,Binau
9.335885,49.4432417,node/240102162,Seckach
7.8818682,49.5839255,node/240102189,Imsbach
7.5521611,49.1579494,node/240102574,Vinningen
8.9192981,49.4990014,node/240102668,Rothenberg
7.7719699,49.7268361,node/240102787,Obermoschel
8.63306,49.4025,node/240103132,Eppelheim
8.0110764,49.6395048,node/240103244,Bolanden
8.8090874,49.4366884,node/240103274,Schönau
6.7243197,49.3552721,node/240103301,Dillingen/Saar
8.165345,49.6365854,node/240103570,Wachenheim
8.2232443,49.4890785,node/240103595,Erpolzheim
7.8367144,49.7334869,node/240103640,Kalkofen
7.8529006,49.1922047,node/240103746,Hauenstein
7.884093,49.1565412,node/240103830,Darstein
6.4902782,49.6185065,node/240104149,Fisch
8.05549,49.1427675,node/240104257,Heuchelheim-Klingen
8.423744,49.4217425,node/240104379,Neuhofen
6.7140906,49.6723723,node/240104431,Ollmuth
8.4861853,49.7505186,node/240104648,Gernsheim
7.6545316,49.1711784,node/240104661,Lemberg
7.3461279,49.4768506,node/240104849,Herschweiler-Pettersheim
8.1705063,49.4632944,node/240104985,Bad Dürkheim
7.3310111,49.5165124,node/240105070,Albessen
7.527995,49.4560722,node/240105179,Steinwenden
7.6781715,49.5186257,node/240105221,Hirschhorn/Pfalz
7.8108098,49.1565851,node/240105358,Erfweiler
7.8704126,49.6736466,node/240105398,Gerbach
8.203148,49.5361103,node/240105519,Bissersheim
7.0964205,49.3218763,node/240105599,Friedrichsthal
8.5449438,49.1861055,node/240105808,Hambrücken
7.8874867,49.197602,node/240105876,Spirkelbach
7.6072249,49.3352342,node/240105886,Weselberg
7.4205758,49.474913,node/240106307,Quirnbach/Pfalz
7.460144,49.7069212,node/240106329,Oberreidenbach
7.50417,49.3330855,node/240106563,Knopp
9.3137915,49.0403804,node/240106777,Beilstein
7.4615781,49.549833,node/240106820,Altenglan
6.5376913,49.7092166,node/240107168,Wasserliesch
8.4930463,49.1640231,node/240107242,Graben-Neudorf
7.8847898,49.3973996,node/240107329,Waldleiningen
7.3905638,49.493234,node/240107382,Hüffler
8.2236107,49.5390391,node/240107384,Großkarlbach
7.2555167,49.7243332,node/240107610,Mackenrodt
7.2890602,49.5873596,node/240107703,Fohren-Linden
7.7447191,49.6826649,node/240108333,Finkenbach-Gersweiler
8.2173112,49.2861586,node/240108458,Altdorf
7.3932303,49.5139876,node/240108979,Schellweiler
8.6596573,49.0591022,node/240109220,Gondelsheim
7.305568,49.4158715,node/240109468,Dunzweiler
8.2397927,49.4046211,node/240109470,Meckenheim
6.590185,49.6591723,node/240109508,Wiltingen
7.5476792,49.3238797,node/240109673,Saalstadt
6.3729914,49.5658574,node/240109760,Palzem
7.9625177,49.0897202,node/240109798,Dörrenbach
7.606534,49.5829885,node/240109819,Wolfstein
7.4369188,49.3104826,node/240109834,Kleinbundenbach
8.2078739,49.6586385,node/240110049,Flörsheim-Dalsheim
7.5282077,49.5898508,node/240110369,Horschbach
7.3843806,49.4528171,node/240110521,Steinbach am Glan
8.2236117,49.2683002,node/240110672,Freimersheim
7.2531203,49.7407782,node/240110770,Hettenrodt
7.570207,49.6760842,node/240110839,Kappeln
7.315229,49.5786726,node/240110847,Mettweiler
8.2276434,49.7225653,node/240110881,Monzernheim
8.0619525,49.5217662,node/240110915,Wattenheim
7.4391678,49.3825183,node/240110956,Bruchmühlbach-Miesau
6.683972,49.6126736,node/240110999,Baldringen
7.7159291,49.5457044,node/240111007,Schallodenbach
8.1433321,49.7076473,node/240111144,Dintesheim
7.7145773,49.3123788,node/240111285,Heltersberg
6.4804391,49.5509849,node/240111295,Kirf
8.7998674,49.3393776,node/240111546,Mauer
7.2939041,49.5143042,node/240111630,Herchweiler
8.4730404,49.7172193,node/240111688,Groß-Rohrheim
7.5086708,49.5152727,node/240111891,Oberstaufenbach
7.8168001,49.6617655,node/240112155,Dielkirchen
8.3620898,49.6302618,node/240112249,Worms
8.1855457,49.5215219,node/240112292,Dackenheim
7.9504044,49.1485927,node/240112324,Silz
9.32194,49.1467,node/240112465,Ellhofen
8.1761015,49.4908049,node/240112496,Kallstadt
7.8002194,49.6010993,node/240112671,Imsweiler
8.2354335,49.6737161,node/240112876,Gundheim
8.04,49.6328,node/240113939,Marnheim
7.9423476,49.5782124,node/240114037,Börrstadt
7.9833258,49.1667012,node/240114108,Waldhambach
7.6858275,49.6871493,node/240114522,Reiffelbach
7.6620107,49.5226412,node/240115518,Sulzbachtal
8.8408466,49.7132438,node/240115693,Reichelsheim
7.7927648,49.6141921,node/240115699,Dörnbach
8.1065483,49.6044636,node/240115774,Biedesheim
6.9362433,49.7124087,node/240115956,Rascheid
7.7307825,49.2445268,node/240116147,Merzalben
8.2898337,49.5630282,node/240116249,Heuchelheim bei Frankenthal
7.6977843,49.5038443,node/240116356,Katzweiler
7.7582795,49.5560941,node/240116555,Heiligenmoschel
7.2056748,49.6838689,node/240116588,Niederhambach
8.6909951,49.3491417,node/240116632,Leimen
7.8817827,49.6454023,node/240116689,Ruppertsecken
8.3071299,49.5457572,node/240117122,Heßheim
8.050948,49.5945916,node/240117135,Göllheim
9.3809489,49.0953123,node/240117156,Löwenstein
7.9634619,49.5679711,node/240117376,Breunigweiler
8.07333,49.5075,node/240117431,Altleiningen
8.2565755,49.362976,node/240117521,Haßloch
7.1369778,49.3145046,node/240117557,Spiesen-Elversberg
7.8980396,49.1672265,node/240117573,Dimbach
8.1763849,49.2689039,node/240117586,Großfischlingen
8.6372164,49.6408048,node/240117658,Heppenheim
7.629807,49.3733394,node/240118272,Queidersbach
9.0987129,49.0199816,node/240118430,Erligheim
8.8973938,49.4481382,node/240118737,Hirschhorn (Neckar)
7.9682264,49.2027254,node/240119037,Annweiler am Trifels
7.6383933,49.6088281,node/240119131,Einöllen
7.904985,49.5470702,node/240119232,Gonbach
8.2313643,49.1908269,node/240119346,Ottersheim bei Landau
7.5039818,49.2239099,node/240119465,Nünschweiler
7.2895947,49.674582,node/240119499,Frauenberg
7.6477216,49.6528415,node/240120059,Ginsweiler
7.2202102,49.7051619,node/240121129,Wilzenberg-Hußweiler
7.6323501,49.482492,node/240121261,Weilerbach
7.8565468,49.4918108,node/240121327,Mehlingen
9.1522409,49.0748477,node/240121357,Lauffen am Neckar
8.6717458,49.5462349,node/240121418,Weinheim
8.0460864,49.0615214,node/240121451,Niederotterbach
6.6973507,49.6351341,node/240121482,Schömerich
6.6792048,49.3671651,node/240121732,Rehlingen-Siersburg
6.9298799,49.3385074,node/240121998,Heusweiler
8.1389616,49.121034,node/240122081,Steinweiler
7.9555964,49.5973873,node/240122137,Steinbach am Donnersberg
7.2218183,49.5739049,node/240122157,Hahnweiler
7.6821064,49.6534241,node/240122464,Becherbach
7.4008479,49.5399844,node/240122738,Kusel
8.2367259,49.4514816,node/240122858,Gönnheim
9.15056,49.4314,node/240123211,Fahrenbach
7.517952,49.5284631,node/240123344,Niederstaufenbach
6.9454057,49.3022607,node/240123798,Riegelsberg
6.9574283,49.732051,node/240124129,Burtscheid
8.7351709,49.2824981,node/240124167,Dielheim
7.5545152,49.6045738,node/240124347,Nerzweiler
8.7072589,49.0364564,node/240124432,Bretten
8.7760658,49.3556982,node/240124496,Bammental
7.0892556,49.6242681,node/240124532,Achtelsbach
7.1592865,49.6972459,node/240124572,Hattgenstein
7.9431525,49.6277068,node/240125019,Dannenfels
7.6528861,49.3318706,node/240125138,Horbach
7.3340336,49.3181673,node/240125262,Homburg
6.9016427,49.6345669,node/240125724,Gusenburg
8.1908899,49.4258221,node/240125865,Forst
7.7422729,49.6687918,node/240125872,Waldgrehweiler
8.4381568,49.4704113,node/240125892,Ludwigshafen am Rhein
6.9405606,49.7494683,node/240125919,Neunkirchen
8.1031207,49.2995557,node/240125940,Sankt Martin
9.3218541,49.1791168,node/240126010,Eberstadt
7.6957241,49.6290283,node/240126032,Nußbach
8.6830611,49.2451127,node/240126186,Malsch
8.1533344,49.5403884,node/240126289,Kleinkarlbach
8.5980244,49.124118,node/240126331,Bruchsal
7.1631469,49.4030447,node/240126345,Ottweiler
7.7836698,49.592334,node/240126670,Gundersweiler
7.8961325,49.1825191,node/240126837,Lug
7.8193394,49.1419455,node/240127003,Schindhard
8.0133261,49.5369008,node/240127128,Ramsen
9.08972,49.2697,node/240127133,Siegelsbach
7.4591198,49.5982836,node/240127503,Rathsweiler
7.4873575,49.31938,node/240127626,Biedershausen
7.0074163,49.6489572,node/240127654,Züsch
7.3626057,49.5209734,node/240127866,Ehweiler
8.9855203,49.4635303,node/240127901,Eberbach
7.4956117,49.1819609,node/240128145,Bottenbach
7.4026921,49.4194848,node/240128346,Gries
7.9337896,49.744357,node/240128901,Mörsfeld
7.1330548,49.6277313,node/240129081,Dambach
7.0614007,49.2995623,node/240129143,Sulzbach/Saar
8.516277,49.2485721,node/240129284,Waghäusel
8.5682813,49.6546967,node/240129923,Lorsch
8.6024574,49.5054905,node/240129968,Heddesheim
8.1379114,49.5425433,node/240129981,Neuleiningen
6.9570018,49.7159245,node/240130011,Geisfeld
7.8562201,49.0638606,node/240130431,Bobenthal
6.6887008,49.6388821,node/240130535,Paschel
6.8529234,49.4662491,node/243462141,Schattertriesch
6.8992759,49.4754392,node/243465846,Limbach
8.2031767,49.1214578,node/247060436,Hayna
8.7242553,49.6436454,node/248469227,Wald-Erlenbach
7.3881701,49.7322854,node/248480658,Georg-Weierbach
7.3950412,49.7269343,node/248699506,Weierbach
7.3684254,49.7139049,node/248699704,Nahbollenbach
9.2829119,49.3619061,node/249116739,Waldmühlbach
9.2663706,49.3731031,node/249116741,Katzental
8.6884031,49.6396346,node/249287044,Sonderbach
8.6878784,49.6465034,node/249287068,Kirschhausen
8.7423021,49.6480406,node/249421959,Lauten-Weschnitz
8.7355386,49.6439058,node/249426417,Mitlechtern
8.715971,49.615196,node/249507515,Bonsweiher
8.6672644,49.6387544,node/250121070,Erbach
8.8673614,49.720497,node/251727165,Beerfurth
6.7174979,49.6789387,node/252330631,Geizenburg
7.1121647,49.4950061,node/252735712,Bliesen
7.1015653,49.475956,node/252741826,Winterbach
7.1349429,49.1356239,node/253421410,Habkirchen
7.1148599,49.1518013,node/253421680,Bliesmengen-Bolchen
7.0809661,49.4026691,node/254380395,Hirzweiler
8.1972213,49.5825839,node/254996238,Heidesheim
9.0627551,49.4831537,node/255098383,Unterhöllgrund
8.2712853,49.2723448,node/255405805,Freisbach
8.2672374,49.6063629,node/255835217,Heppenheim
9.1050742,49.4453018,node/257453711,Weisbach
9.0968206,49.4641783,node/257453721,Mülben
8.0762121,49.4914039,node/257761219,Höningen
8.1580484,49.4931881,node/257804756,Leistadt
9.0137265,49.2692493,node/257964837,Untergimpern
8.1047629,49.6368231,node/258081013,Immesheim
8.9824527,49.020919,node/258191037,Ochsenbach
7.1606669,49.1650988,node/258232797,Bebelsheim
6.4135986,49.5879979,node/260768883,Helfant
6.45048,49.5975097,node/260821713,Bilzingen
6.4650905,49.5735051,node/260821972,Dittlingen
6.4478315,49.5573612,node/260822291,Beuren
6.4057976,49.554141,node/260822431,Kreuzweiler
6.4127406,49.5605922,node/260822455,Dilmar
6.4385443,49.4957516,node/261741782,Borg
6.3740372,49.5042645,node/261741820,Besch
6.491007,49.5615499,node/261744352,Meurich
6.4856422,49.5969811,node/261744976,Körrig
9.0080906,49.3886578,node/261947569,Neunkirchen
7.8981753,49.0906139,node/261952284,Reisdorf
6.4300957,49.623208,node/261994353,Rehlingen
6.9272035,49.4900539,node/262171524,Lindscheid
6.91833,49.4854833,node/262171525,Dorf im Bohnental
6.9196934,49.4823202,node/262171526,Neipel
9.2434483,49.5343288,node/262476410,Rumpfen
7.9186036,49.3325867,node/262537517,Iggelbach
7.8357152,49.2428695,node/262543296,Hermersbergerhof
7.8690791,49.2075724,node/262544667,Wilgartswiesen
7.668696,49.5563221,node/262738592,Wörsbach
8.5956497,49.4180681,node/264047187,Grenzhof
6.5305655,49.4597107,node/264124480,Bethingen
9.315242,49.4783262,node/265664469,Bödigheim
9.3676706,49.4775027,node/265665001,Eberstadt
9.3668737,49.4549873,node/265665088,Schlierstadt
9.288189,49.4439727,node/265665252,Großeicholzheim
9.2579618,49.4680835,node/265665316,Waldhausen
9.2477407,49.4533135,node/265665340,Heidersbach
9.3714254,49.4308227,node/265665644,Zimmern
6.4610947,49.6242727,node/265758296,Söst
7.1851746,49.6363735,node/266298072,Dienstweiler
7.1461123,49.243659,node/267345587,Oberwürzbach
9.2872835,49.6784053,node/267436342,Wenschdorf
9.2018887,49.4254677,node/268358773,Muckental
8.3088794,49.3660057,node/268420272,Iggelheim
6.5627504,49.7420307,node/268467863,Herresthal
7.1370087,49.2304036,node/269517005,Heckendalheim
7.7652118,49.4699635,node/270496615,Morlautern
8.469876,49.0663099,node/270538646,Blankenloch
8.4768975,49.1051921,node/270539995,Friedrichstal
8.7642549,49.5462215,node/270880109,Löhrbach
8.7705013,49.5637249,node/270880132,Vöckelsbach
7.670448,49.1588077,node/270978789,Langmühle
7.6271043,49.1441529,node/270995159,Glashütte
6.6160621,49.3855537,node/271045408,Gerlfangen
6.5927634,49.3757671,node/271045411,Fürweiler
7.6972489,49.417621,node/271332787,Hohenecken
8.6597789,49.3420088,node/271803321,Sandhausen
7.7699852,49.4807243,node/271986915,Erlenbach
9.2029333,49.0164645,node/272488626,Ottmarsheim
7.4104642,49.6926371,node/272805563,Kirchenbollenbach
7.719385,49.1700032,node/272849971,Salzwoog
7.2855016,49.1673351,node/273477245,Pinningen
7.3137821,49.1728264,node/273477442,Altheim
7.2929001,49.1820497,node/273477617,Böckweiler
6.8404551,49.4181758,node/274672911,Buprich
6.8437558,49.2982633,node/276673948,Elm
8.6731132,49.280599,node/277092833,Frauenweiler
9.1208183,49.0246608,node/277163822,Hofen
7.2322328,49.4517415,node/277832918,Werschweiler
7.1492541,49.4545298,node/277832921,Oberlinxweiler
7.2659857,49.4937317,node/278065252,Osterbrücken
7.1184202,49.4157754,node/278065467,Mainzweiler
8.0327863,49.1160541,node/278218014,Niederhorbach
7.1633521,49.526173,node/278802061,Pinsweiler
8.8069259,49.1481861,node/279017356,Landshausen
8.786195,49.118189,node/279017360,Bahnbrücken
9.2651992,49.0237035,node/279170106,Winzerhausen
8.7558717,49.342015,node/280910120,Gauangelloch
8.757417,49.318992,node/280910487,Schatthausen
8.8362391,49.3991655,node/281389732,Dilsberg
6.8164599,49.1905602,node/281398721,Dorf im Warndt
6.8255559,49.1716429,node/281401297,St. Nikolaus
6.8090865,49.1748033,node/281401575,Karlsbrunn
7.9505988,49.3480033,node/281411537,Appenthal
8.7806978,49.0872196,node/281754049,Flehingen
7.4620407,49.2950385,node/282221876,Niederhausen
8.5713186,49.7040184,node/283383035,Fehlheim
8.9178867,49.5332016,node/286098581,Finkenbach
9.0496594,49.6111777,node/286490178,Bullau
9.0450214,49.6408435,node/286490179,Erbuch
8.8081039,49.748163,node/286973562,Meßbach
8.6595589,49.7313562,node/287440617,Balkhausen
8.186848,49.0955302,node/287684968,Minderslachen
6.8713863,49.5247586,node/287830883,Noswendel
6.8348225,49.4923221,node/287830987,Nunkirchen
6.8556176,49.4876753,node/287831472,Überlosheim
6.8642094,49.4930655,node/287831659,Büschfeld
6.893298,49.5284337,node/287831695,Dagstuhl
6.923296,49.5276892,node/287831825,Lockweiler
7.2190342,49.3236212,node/287989912,Furpach
9.2305229,49.6001974,node/289013212,Beuchen
6.7798248,49.4875675,node/289017989,Wahlen
7.9935294,49.2165281,node/289605787,Queichhambach
7.8361342,49.5013192,node/290279672,Baalborn
6.7922183,49.2634657,node/290716992,Wadgassen
6.7955319,49.540364,node/291551430,Rappweiler
7.0696055,49.471501,node/292045928,Alsweiler
7.0488596,49.1191639,node/292265304,Rilchingen-Hanweiler
8.8346972,49.599928,node/293350733,Kocherbach
8.9524019,49.7074838,node/293419448,Rehbach
7.0973792,49.4364372,node/293880067,Habenichts
7.2095316,49.4927843,node/295090604,Leitersweiler
7.2899692,49.54178,node/295097835,Reichweiler
8.9927107,49.6847816,node/296011810,Steinbach
8.9632846,49.6524766,node/296094772,Elsbach
9.0558111,49.6634582,node/296095101,Ernsbach
9.3172029,49.6707784,node/297313944,Schippach
9.327643,49.685785,node/297313945,Berndiel
6.9523216,49.3821984,node/298999383,Habach
9.0132338,49.7267527,node/299089515,Momart
8.3126777,49.4290147,node/299649030,Dannstadt
9.0477281,49.7036713,node/299924975,Weiten-Gesäß
8.9409101,49.6197553,node/300479563,Hüttenthal
8.9370132,49.565175,node/300581985,Falken-Gesäß
8.9333641,49.5846027,node/300582286,Airlenbach
8.8949119,49.5939665,node/300582647,Olfen
8.9124214,49.6142137,node/300583241,Güttersbach
8.8684374,49.4877552,node/300586096,Brombach
8.8514896,49.4181687,node/300587292,Darsberg
8.9882099,49.593438,node/300590654,Hetzbach
7.8108633,49.5203969,node/301273516,Drehenthalerhof
9.2210584,49.3499204,node/301643378,Sulzbach
9.1090772,49.6206241,node/301731152,Breitenbuch
9.1093432,49.663047,node/301731853,Boxbrunn
9.1363954,49.6283971,node/301732238,Watterbach
9.1829233,49.5881945,node/301794189,Preunschen
9.0998583,49.7120462,node/301980591,Vielbrunn
8.9539187,49.7352531,node/302218549,Kirchbrombach
8.9509919,49.7221039,node/302218810,Langenbrombach
9.2494621,49.6793582,node/302599313,Monbrunn
8.7570937,49.2640673,node/303721900,Tairnbach
8.9170824,49.739446,node/304690739,Böllstein
6.5896269,49.4684384,node/305238916,Schwemlingen
8.7653572,49.5870806,node/305999383,Weiher
7.2106909,49.3818681,node/308030747,Hangard
7.2019723,49.2456327,node/308830053,Niederwürzbach
7.1278317,49.2543022,node/308832494,Reichenbrunn
8.9228656,49.4816327,node/308907521,Kortelshütte
8.9672463,49.5879935,node/308907945,Etzean
8.9983844,49.0172247,node/309170215,Spielberg
7.2616361,49.3313031,node/309933476,Niederbexbach
8.7704417,49.3730795,node/310191481,Waldhilsbach
8.824733,49.3960935,node/310192941,Rainbach
8.8381702,49.3799282,node/310192942,Dilsbergerhof
6.7555142,49.466603,node/310258370,Rissenthal
8.8439462,49.3906609,node/310631014,Neuhof
8.7836182,49.2483126,node/311383884,Eschelbach
6.7319743,49.5457068,node/311494725,Scheiden
6.762084,49.5517149,node/311494931,Waldhölzbach
6.7776183,49.5013098,node/311495770,Niederlosheim
9.0583168,49.2089363,node/313609453,Fürfeld
8.5713252,49.736864,node/314751770,Hähnlein
9.2889162,49.4286057,node/314991015,Kleineicholzheim
6.9597604,49.4618939,node/316021508,Steinbach
6.836472,49.4667228,node/316070842,Michelbach
8.8468257,49.4712714,node/316949780,Langenthal
8.8710395,49.4120171,node/317654993,Lanzenbach
8.8822963,49.417277,node/317655164,Neckarhausen
9.2595724,49.2811799,node/318324863,Herbolzheim
8.770878,49.2910091,node/320265921,Unterhof
8.1718733,49.0207771,node/320945497,Büchelberg
6.5512883,49.7492401,node/321335014,Fusenich
8.9787709,49.6359004,node/321681520,Günterfürst
8.9768847,49.6273289,node/321681521,Haisterbach
9.0130285,49.6449285,node/321681522,Erlenbach
8.9951931,49.6587514,node/321681855,Erbach (Odenwald)
8.8799954,49.6838043,node/322107105,Rohrbach
8.8609703,49.6945955,node/322107107,Unter-Ostern
8.8658044,49.6734168,node/322108063,Erzbach
8.8500817,49.6769211,node/322108064,Ober-Ostern
8.8625552,49.6281399,node/322110313,Grasellenbach
8.8574332,49.6143297,node/322110314,Wahlen
8.8564245,49.5976559,node/322110315,Affolterbach
8.8529035,49.5759043,node/322111425,Aschbach
7.4826556,49.4779106,node/322920080,Reuschbach
9.0809883,49.6492801,node/323085145,Würzberg
6.8896409,49.560361,node/323162262,Wedern
7.7314695,49.4587409,node/324356691,Erzhütten
7.7307436,49.4656982,node/324356992,Wiesenthalerhof
8.9945237,49.6463814,node/330772580,Lauerbach
7.2102076,49.4068827,node/331281235,Steinbach
8.7592089,49.6378415,node/333342976,Lörzenbach
7.2653749,49.4197564,node/339843575,Lautenbach
7.0517004,49.5705704,node/339990586,Bosen
7.0994242,49.1921484,node/343904419,Eschringen
6.5114394,49.5483041,node/345768890,Kollesleuken
8.1928331,49.1959934,node/355130585,Offenbach an der Queich
9.2654016,49.6220688,node/356661760,Hambrunn
6.8958381,49.4492805,node/358321033,Gresaubach
7.1629822,49.1844515,node/359966251,Wittersheim
9.1354657,49.6672675,node/360332805,Gönz
7.1097199,49.3895787,node/362804713,Stennweiler
6.8208706,49.5250555,node/364748325,Weierweiler
7.1217961,49.3569043,node/365802789,Landsweiler-Reden
8.7424253,49.7161144,node/369707213,Gadernheim
8.8640623,49.7082901,node/370131043,Bockenrod
7.2235951,49.2127486,node/370769514,Wecklingen
7.3084405,49.1391135,node/370895913,Riesweiler
7.2997637,49.1258634,node/370895914,Utweiler
7.3363135,49.1522173,node/370895915,Brenschelbach
7.3989103,49.6985357,node/370934042,Mittelbollenbach
8.7308911,49.6261923,node/371610323,Albersbach
6.6755754,49.5917049,node/371710597,Oberzerf
8.9644873,49.5265475,node/373419994,Gammelsbach
7.203604,49.1341899,node/374404044,Niedergailbach
7.2832047,49.2630657,node/382920793,Bierbach
9.2371339,49.4236416,node/385101742,Rittersbach
7.9039805,49.1148829,node/386166844,Lauterschwan
9.1705781,49.4404999,node/387439758,Trienz
8.7684524,49.6374391,node/387818902,Fahrenbach
8.5741274,49.0315756,node/389472192,Jöhlingen
8.8052609,49.7165063,node/390381315,Laudenau
6.9551004,49.6839762,node/393366535,Abtei
7.1585036,49.2196499,node/399994759,Ommersheim
7.7095973,49.0658642,node/401295086,Gebüg
9.2155953,49.4813436,node/408470582,Laudenberg
9.1700035,49.4097452,node/408476614,Sattelbach
7.2480445,49.5526488,node/411311690,Freisen
9.3443314,49.6407172,node/411710412,Reinhardsachsen
9.3656748,49.6241204,node/411710413,Glashofen
7.4373763,49.4042217,node/411878213,Miesau
8.7504726,49.6941591,node/412889575,Glattbach
8.7636422,49.6940066,node/412889581,Winkel
8.7855559,49.7057471,node/413136704,Winterkasten
6.5116994,49.7289086,node/414038211,Mesenich
6.5017945,49.7480626,node/414038212,Metzdorf
8.6971732,49.7420392,node/414053499,Staffel
8.7060474,49.7428984,node/414053500,Schmal-Beerbach
8.8991209,49.7505556,node/414092180,Affhöllerbach
8.7552278,49.6560549,node/414949623,Linnenbach
9.240628,49.4839849,node/415501207,Einbach
9.2645729,49.5022554,node/415501209,Oberneudorf
9.2400849,49.3239666,node/415545676,Allfeld
9.2056201,49.5162376,node/415796638,Langenelz
9.1246478,49.5042333,node/415798859,Reisenbach
9.0773091,49.535691,node/415798997,Kailbach
8.9260252,49.7281354,node/415897927,Hembach
8.9018015,49.7246516,node/415897929,Ober-Kainsbach
9.0103964,49.5118116,node/423229623,Hebstahl
9.0119897,49.5352605,node/423229626,Unter-Sensbach
9.015783,49.5623507,node/423229630,Ober-Sensbach
9.0705637,49.5666944,node/423257714,Schöllenbach
9.0526812,49.5193575,node/423257719,Friedrichsdorf
9.0430627,49.4966177,node/423257725,Gaimühle
8.9454247,49.4626476,node/427551194,Igelsbach
8.9441834,49.4611367,node/427551195,Igelsbach
7.065596,49.1301514,node/428092947,Sitterswald
8.9960685,49.6287726,node/428198453,Schönnen
7.2133872,49.2046289,node/429368861,Ballweiler
7.2261777,49.1911383,node/429368862,Wolfersheim
7.2571577,49.2496575,node/429390838,Lautzkirchen
6.89979,49.5736414,node/437500855,Gehweiler
6.9256652,49.5747266,node/437505814,Oberlöstern
8.9940039,49.7201676,node/439194309,Zell im Odenwald
9.2412969,49.5495233,node/441241274,Steinbach
9.2807244,49.5150538,node/441241275,Hollerbach
6.9834149,49.688659,node/441402958,Thiergarten
8.9031019,49.490084,node/442930492,Ober-Hainbrunn
8.9548857,49.6832799,node/442975630,Steinbuch
9.2555667,49.2397671,node/445335785,Oedheim
8.7455637,49.6672974,node/452629270,Erlenbach
7.0194399,49.3788373,node/455547076,Uchtelfangen
8.7985284,49.6656539,node/467692480,Krumbach
8.8116396,49.6649241,node/467692482,Brombach
8.8409073,49.6593346,node/467692484,Weschnitz
8.7964845,49.6414042,node/467692485,Steinbach
8.7999917,49.6579223,node/467692487,Kröckelbach
6.9456701,49.4997102,node/469339162,Überroth-Niederhofen
7.550518,49.6174143,node/469937895,Hundheim
7.5032752,49.6023326,node/469938066,Gumbsweiler
7.4877759,49.6010337,node/469938101,Eschenau
7.0685787,49.3884909,node/472350337,Hüttigweiler
7.4513206,49.504739,node/473137345,Gimsbach
6.7867557,49.5501176,node/475903099,Zwalbach
8.9614311,49.3752002,node/481098253,Michelbach
6.7714558,49.6072303,node/492728154,Mandern
6.8696548,49.5072,node/493579940,Bardenbach
8.8501766,49.3346624,node/500914457,Mönchzell
9.0246235,49.3418372,node/500941991,Asbach
9.0059006,49.3477869,node/500942180,Daudenzell
9.0479325,49.358903,node/500946482,Mörtelstein
9.1848405,49.4537684,node/503518210,Krumbach
9.1738051,49.4788267,node/503518226,Balsbach
7.1313789,49.6762193,node/504318560,Rinzenberg
7.6333201,49.5343015,node/506680817,Frankelbach
9.209302,49.5543939,node/513724097,Ünglert
9.191974,49.5615816,node/513724099,Donebach
9.1718046,49.5693264,node/513766945,Mörschenhardt
7.5750514,49.1377941,node/517227615,Hochstellerhof
7.5852994,49.4740994,node/521138617,Mackenbach
7.1780684,49.4788931,node/559737941,Urweiler
8.701167,49.5826461,node/578270330,Nieder-Liebersbach
8.7195362,49.5781075,node/578270334,Reisen
6.6775912,49.4727112,node/599755278,Brotdorf
7.3952099,49.30268,node/602514568,Mörsbach
7.4225384,49.3066416,node/602514611,Großbundenbach
7.5061603,49.346368,node/606153095,Labach
7.5259056,49.2420246,node/617898288,Höhmühlbach
9.332366,49.5407085,node/642471345,Hainstadt
8.9426422,49.7514377,node/662485415,Birkert
8.9950975,49.6137911,node/662489091,Ebersberg
6.9239429,49.7376453,node/685079920,Prosterath
7.5214617,49.452203,node/690985918,Weltersbach
9.0027939,49.668228,node/691813262,Stockheim
8.8997923,49.639364,node/694190725,Hiltersklingen
8.8291582,49.7243415,node/706009285,Eberbach
8.8907046,49.1680975,node/707086614,Adelshofen
9.264047,49.5795778,node/746918586,Hettigenbeuern
9.1572011,49.5954093,node/746919100,Ottorfszell
9.2478319,49.6021867,node/746919847,Zittenfelden
9.1112699,49.4912564,node/753890894,Reisenbacher Grund
8.4856513,49.2577226,node/797111116,Oberhausen
8.4723614,49.2782767,node/797111120,Rheinhausen
9.2914409,49.0683107,node/799882662,Abstatt
9.2353454,49.4682229,node/806985158,Scheringen
8.9092683,49.2394956,node/820933549,Steinsfurt
9.3183272,49.6259066,node/822502755,Gerolzahn
9.3097844,49.6372886,node/822502757,Gottersdorf
9.2797634,49.4006263,node/834268281,Mittelschefflenz
7.3767504,49.2033899,node/839776745,Althornbach
7.0100247,49.7449346,node/864699543,Bäsch
8.4451267,49.6632906,node/869413438,Bobstadt
6.5967773,49.4165829,node/904092228,Mondorf
6.5744454,49.4221071,node/904092663,Silwingen
7.6680562,49.5764524,node/975692525,Morbach
9.2636162,49.6542037,node/994865359,Neudorf
9.2815395,49.6595949,node/994865581,Reichartshausen
8.8348082,49.6205689,node/1008238429,Litzelbach
9.2654701,49.1022548,node/1056741814,Donnbronn
8.7202642,49.7517373,node/1059976013,Hoxhohl
8.2248353,49.6188949,node/1068436128,Hohen-Sülzen
8.181789,49.5820213,node/1085359766,Albsheim an der Eis
8.1864777,49.5858992,node/1085359887,Mühlheim an der Eis
8.2045083,49.5870259,node/1085359956,Colgenstein
8.0890943,49.6167268,node/1085397796,Rüssingen
6.5529894,49.6288443,node/1155218091,Ayl
9.3842057,49.3804237,node/1159296979,Sennfeld
9.0041115,49.4174208,node/1172516873,Lindach
9.0972206,49.3937888,node/1196930101,Reichenbuch
9.063102,49.3171734,node/1196962333,Kälbertshausen
7.8002914,49.1379728,node/1261525796,Reichenbach
8.0715179,49.5345916,node/1295894475,Hettenleidelheim
7.4940391,49.6180706,node/1301835130,Obereisenbach
9.0639277,49.7270034,node/1329612886,Kimbach
7.4448572,49.3948264,node/1361014962,Buchholz
8.9524636,49.4527346,node/1385017613,Pleutersbach
6.929652,49.4137747,node/1407324241,Neububach
9.3011731,49.2098494,node/1407484611,Dahenfeld
6.530622,49.5057614,node/1426877233,Orscholz
8.6480458,49.0217963,node/1427483738,Dürrenbüchig
9.0573946,49.4577286,node/1430172916,Feriendorf Waldbrunn
8.8951448,49.0646157,node/1461066753,Leonbronn
8.9266871,49.0581972,node/1461164895,Zaberfeld
8.9193232,49.0242421,node/1461213702,Häfnerhaslach
8.7097172,49.2192418,node/1462883626,Östringen
9.0646929,49.1646553,node/1467672701,Massenbach
8.7137838,49.1069695,node/1472093191,Oberacker
8.8946844,49.0749176,node/1474097313,Ochsenburg
7.3401582,49.4089732,node/1481405347,Schmittweiler
7.2844715,49.4208289,node/1495412431,Bambergerhof
8.5113748,49.0926908,node/1502888660,Staffort
8.7205694,49.1536477,node/1505199368,Neuenbürg
8.7503918,49.1775011,node/1505199376,Odenheim
8.8991339,49.0991422,node/1506179150,Mühlbach
9.0086095,49.1321662,node/1507074844,Stetten am Heuchelberg
7.1010849,49.6493358,node/1522253962,Abentheuer
7.7146581,49.5995125,node/1528912683,Seelen
6.996379,49.234362,node/1530957491,Saarbrücken
7.3504409,49.5575732,node/1531030743,Thallichtenberg
7.3654524,49.5529454,node/1531030893,Ruthweiler
6.9387585,49.3025679,node/1531167616,Buchschachen
6.943934,49.3075841,node/1531167625,Güchenbach
6.9446057,49.319587,node/1531167628,Hilschbach
6.9289112,49.295815,node/1531167630,Hixberg-Pflugscheid
6.9339618,49.3103927,node/1531167633,Überhofen
6.695355,49.5334469,node/1532852585,Bergen
7.1702885,49.5308911,node/1536691910,Hirstein
8.1506809,49.6920172,node/1541298089,Flomborn
9.2512743,49.2117079,node/1548985133,Amorbach
6.8432238,49.4207402,node/1553705030,Hüttersdorf
6.5662767,49.3964767,node/1556736907,Oberesch
9.2588466,49.1743242,node/1556923630,Binswangen
7.1696192,49.4669906,node/1557655373,Sankt Wendel
7.1294088,49.3704071,node/1557669244,Schiffweiler
6.9091348,49.4132377,node/1558098581,Lebach
9.2248391,49.191133,node/1559105132,Neckarsulm
9.1055933,49.0773199,node/1564935057,Hausen an der Zaber
9.2157222,49.0668862,node/1564935148,Schozach
7.0970929,49.3574382,node/1570935134,Heiligenwald
9.0252884,49.0964733,node/1571421051,Haberschlacht
9.0485553,49.10549,node/1571421057,Neipperg
9.1050004,49.102874,node/1571421059,Nordhausen
9.1992587,49.1962916,node/1575518366,Obereisesheim
9.287793,49.2494359,node/1575721224,Degmarn
9.2994026,49.2616386,node/1575721397,Stein am Kocher
9.2949652,49.1814701,node/1575879582,Gellmersbach
9.3109181,49.0593804,node/1576792800,Helfenberg
9.2724952,49.0736567,node/1576814198,Wüstenhausen
9.2975669,49.08546,node/1576881869,Happenbach
9.2890618,49.1058382,node/1576881891,Obergruppenbach
8.9815364,49.1844535,node/1577390177,Berwangen
9.0276835,49.0692519,node/1577440314,Frauenzimmern
9.0880125,49.0663759,node/1577440321,Meimsheim
9.015238,49.0856653,node/1577440561,Stockheim
9.0586682,49.241912,node/1578499748,Babstadt
8.9970131,49.2284445,node/1578499768,Grombach
9.0408886,49.255844,node/1578499803,Obergimpern
8.9802949,49.4551524,node/1580844324,Neckar-Wimmersbach
7.2356042,49.2383886,node/1580880305,Alschbach
9.2731888,49.2940857,node/1582986243,Neudenau
9.382391,49.2250325,node/1583208933,Brettach
9.3639996,49.2410646,node/1583314632,Gochsen
9.3797811,49.3188905,node/1583810059,Ruchsen
9.3358172,49.2433828,node/1583851862,Bürg
9.3547978,49.214648,node/1583851863,Cleversulzbach
9.3060987,49.2462911,node/1583851867,Kochertürn
9.3061797,49.2993504,node/1583852187,Siglingen
9.3331994,49.2972714,node/1583852188,Züttlingen
9.3846015,49.1358846,node/1583903451,Affaltrach
9.3263393,49.1577219,node/1583903464,Grantschen
9.33945,49.1470819,node/1583903519,Sülzbach
9.3553082,49.1372817,node/1583903525,Willsbach
9.35236,49.1623281,node/1583903526,Wimmental
9.2036999,49.2100552,node/1583917737,Untereisesheim
9.1438106,49.2904123,node/1584906565,Böttingen
9.1513095,49.2609926,node/1584906568,Heinsheim
9.138308,49.2431472,node/1584906569,Hohenstadt
9.1230098,49.2525806,node/1584906792,Zimmerhof
9.193018,49.2793334,node/1585584987,Bachenau
9.2238036,49.2870147,node/1585585002,Höchstberg
9.2026787,49.2975635,node/1585585392,Tiefenbach
9.2055933,49.2651587,node/1585588142,Obergriesheim
9.2222119,49.2671165,node/1585588147,Untergriesheim
8.9838395,49.1110587,node/1585701845,Niederhofen
8.9392902,49.1701338,node/1585701914,Richen
8.963495,49.1456933,node/1585701917,Stebbach
8.9731547,49.0993483,node/1585715042,Kleingartach
8.9427331,49.0714604,node/1585715044,Michelbach
9.0668086,49.0649142,node/1585732871,Botenheim
8.9985561,49.0479012,node/1586673960,Eibensbach
9.2853073,49.0574019,node/1586692676,Auenstein
9.3262085,49.0966957,node/1586692677,Oberheinriet
9.3233801,49.0851719,node/1586692684,Unterheinriet
8.9499564,49.0581813,node/1586832925,Weiler an der Zaber
8.8133299,49.1886367,node/1587114249,Eichelberg
8.9670672,49.203047,node/1588196853,Bockschaft
9.09398,49.2139403,node/1588196855,Bonfeld
9.1948384,49.2506687,node/1588196856,Duttenberg
9.0560059,49.2260963,node/1588196950,Treschklingen
9.3190606,49.3395292,node/1588370376,Bittelbronn
9.30713,49.3143075,node/1588371757,Reichertshausen
8.833128,49.1765605,node/1589500786,Elsenz
7.2525236,49.2144814,node/1589525791,Blickweiler
8.7160946,49.12334,node/1589627448,Münzesheim
8.6917187,49.1481415,node/1589627452,Oberöwisheim
8.7762282,49.2305993,node/1590483481,Angelbachtal
8.8571667,49.1401845,node/1590483681,Rohrbach am Gießhübel
8.795653,49.1754742,node/1590483711,Tiefenbach
8.8045367,49.2119133,node/1590483713,Waldangelloch
8.7890828,49.2693244,node/1594836568,Balzfeld
8.8359282,49.2455922,node/1594897320,Dühren
8.9565852,49.4260725,node/1602567116,Allemühl
8.930648,49.4251659,node/1604135078,Moosbrunn
8.8580345,49.3878816,node/1608412797,Mückenloch
8.8937437,49.3754358,node/1608452811,Waldwimmersbach
8.8706676,49.3557627,node/1608499093,Lobenfeld
9.280904,49.4083504,node/1608611321,Schefflenz
9.2686117,49.3913011,node/1608611342,Unterschefflenz
7.1841564,49.34987,node/1608617902,Neunkirchen (Saar)
7.0535522,49.7534843,node/1610547708,Deuselbach
6.9971015,49.7539943,node/1610618696,Thalfang
9.2902181,49.5910722,node/1613283749,Großhornbach
8.6751987,49.1764665,node/1616456091,Zeutern
8.7809176,49.282042,node/1617476198,Horrenberg
8.6975778,49.2408056,node/1618092990,Rettigheim
7.5657698,49.2389365,node/1618247245,Petersberg
9.1419157,49.1936922,node/1618716155,Biberach
8.9434564,49.3576545,node/1623444466,Reichartshausen
7.7713465,49.3565392,node/1625161084,Trippstadt
7.8224686,49.3797742,node/1625178015,Mölschbach
8.7584436,49.4676293,node/1632864081,Wilhelmsfeld
8.1147984,49.1621543,node/1635110568,Impflingen
7.8096973,49.6703314,node/1637666374,Steingruben
8.6306975,49.1614286,node/1638501017,Ubstadt
7.5054884,49.4576763,node/1644597900,Obermohr
7.9812757,49.3438048,node/1648164901,Helmbach
8.5864676,49.5979408,node/1648464442,Hüttenfeld
8.017244,49.3535177,node/1649117891,Erfenstein
7.8630603,49.654095,node/1653385328,Würzweiler
8.4549068,49.6416146,node/1659026343,Bürstadt
8.0263038,49.3570436,node/1669955940,Iptestal
8.0355371,49.3680098,node/1669955943,Sattelmühle
8.7994734,49.5651712,node/1675027487,Kreidach
8.7802313,49.6840369,node/1675027488,Lindenfels
8.761914,49.6053102,node/1675027490,Zotzenbach
8.8316895,49.6355508,node/1675037112,Hammelbach
8.8092472,49.5500591,node/1675037120,Siedelsbrunn
7.6899539,49.469051,node/1675075564,Siegelbach
9.0880673,49.5751431,node/1675856258,Hesselbach
8.3990376,49.096332,node/1681798315,Leopoldshafen
8.4236818,49.1866891,node/1682007444,Rußheim
8.6584799,49.2204664,node/1682152229,Bad Mingolsheim
8.7965893,49.3954054,node/1682336229,Neckargemünd
8.8028392,49.3986029,node/1682389286,Kleingemünd
7.9007374,49.4887511,node/1683732168,Enkenbach-Alsenborn
8.1335199,49.5700371,node/1683735631,Mertesheim
8.248175,49.5184206,node/1683739706,Weisenheim am Sand
8.2641143,49.4817388,node/1683741551,Birkenheide
8.1815115,49.4410363,node/1683752574,Wachenheim an der Weinstraße
8.046563,49.3892968,node/1683767645,Neidenfels
7.9840613,49.3792977,node/1683771769,Esthal
8.8364591,49.4082418,node/1684517735,Neckarsteinach
8.6053654,49.4571949,node/1684858606,Edingen-Neckarhausen
8.6732428,49.449242,node/1686996586,Dossenheim
8.8138544,49.5127884,node/1686996604,Eiterbach
8.7972365,49.4862253,node/1686996624,Heiligkreuzsteinach
8.5475467,49.3188892,node/1686996632,Hockenheim
8.1350021,49.3539802,node/1686996669,Neustadt an der Weinstraße
8.6611149,49.4751705,node/1686996674,Schriesheim
8.5735135,49.3832919,node/1686996697,Schwetzingen
7.6087847,49.1996961,node/1701700293,Pirmasens
8.1284357,49.282236,node/1703281254,Edenkoben
8.0051992,49.7275901,node/1704677540,Bechenheim
8.0021181,49.7468577,node/1704877166,Nack
8.0718241,49.6608783,node/1705211692,Gauersheim
8.3540061,49.5445804,node/1705457707,Frankenthal (Pfalz)
8.7093174,49.5053703,node/1719271227,Rippenweier
8.7238412,49.4943091,node/1719281469,Ursenbach
7.7562046,49.3684576,node/1722181145,Langensohl
8.7706183,49.511243,node/1723335542,Hilsenhain
8.7648266,49.4983633,node/1723335544,Lampenhain
8.7766459,49.4898165,node/1727102226,Vorderheubach
8.846154,49.4386383,node/1729274818,Grein
8.7288112,49.3272524,node/1731745899,Maisbach
8.6101969,49.4718989,node/1741594835,Ladenburg
8.7813582,49.3522475,node/1756333166,Reilsheim
8.1574368,49.6842631,node/1778865327,Ober-Flörsheim
7.9299822,49.1903054,node/1796388232,Wernersberg
8.7555311,49.7532913,node/1860858175,Webern
6.9867073,49.7487465,node/1862077948,Ferienpark Himmelberg
8.1361452,49.3211617,node/1888027744,Diedesfeld
8.1306358,49.3296096,node/1888027745,Hambach
8.2017204,49.3315395,node/1904855503,Lachen-Speyerdorf
8.7387907,49.4870474,node/1948110034,Altenbach
8.0677323,49.7381105,node/1993724641,Weinheim
9.1568999,49.5253942,node/2087756185,Waldauerbach
8.0307664,49.4958695,node/2106608846,Hertlingshausen
8.8649165,49.5276418,node/2119471791,Unter-Schönmattenwag
6.7877238,49.3783774,node/2162318761,Nalbach
8.0282868,49.0834762,node/2178130097,Kaplaneihof
8.0467395,49.7175343,node/2247273693,Mauchenheim
8.1479407,49.7397631,node/2249243048,Dautenheim
7.7283747,49.4049756,node/2265701104,Dansenberg
8.2010491,49.6951001,node/2275853094,Gundersheim
8.8222658,49.0309259,node/2328108184,Freudenstein
8.0246251,49.6983081,node/2402213152,Morschheim
8.7411851,49.1412111,node/2408683836,Weierbach-Siedlung
8.8065793,49.4618062,node/2459756435,Altneudorf
6.8569946,49.4404675,node/2632529231,
8.2672665,49.2892155,node/2643008220,Gommersheim
8.4534916,49.6879986,node/2666825612,Biblis
7.1843297,49.2279456,node/2769216548,Seelbach
8.0592827,49.66841,node/2775498554,Rittersheim
8.1145262,49.7217159,node/2784908500,Kettenheim
8.1045695,49.7173116,node/2784908504,Wahlheim
8.1209665,49.7156525,node/2784908505,Esselborn
8.1859168,49.4075922,node/2794931856,Deidesheim
8.0762845,49.6908214,node/2796896732,Ilbesheim
8.0882929,49.7080788,node/2796896733,Freimersheim
6.859228,49.4396114,node/2802896753,Bettingen
6.8591807,49.4456746,node/2802896754,Goldbach
9.3245621,49.1287099,node/2851363773,Lehrensteinsfeld
7.7672771,49.2732013,node/2887052502,Leimen
7.8851787,49.5502461,node/2892622010,Münchweiler an der Alsenz
8.4175444,49.1622721,node/2941577044,Liedolsheim
7.9943193,49.6942579,node/2957882345,Orbis
8.70283,49.5105036,node/2979754214,Rittenweier
8.7281985,49.5112841,node/2980700952,Oberflockenbach
8.1842192,49.7096651,node/3069895809,Hangen-Weisheim
7.6866146,49.6099521,node/3071009538,Berzweiler
7.3803443,49.4115404,node/3071091429,Schönenberg
7.3822922,49.5254387,node/3075911150,Bledesbach
8.7387825,49.338244,node/3089816726,Ochsenbach
6.8827786,49.287307,node/3121123201,Püttlingen
8.9205606,49.2978578,node/3131057148,Waibstadt
8.8877308,49.7466006,node/3190176781,Stierbach
7.7137632,49.6171229,node/3301807223,Rudolphskirchen
8.6452238,49.1819383,node/3348051916,Stettfeld
6.820389,49.6340208,node/3509045878,Kell am See
8.8640791,49.5372178,node/3639145809,Ober-Schönmattenwag
7.6105794,49.6052699,node/3652861374,Tiefenbach
8.7839549,49.54389,node/3658522621,Ober-Abtsteinach
8.5434328,49.1362062,node/3692420632,Karlsdorf
8.5215684,49.1283361,node/3692420633,Neuthard
8.5951975,49.0234631,node/3702180212,Walzbachtal
7.5888043,49.3335356,node/3734323477,Harsberg
9.0073711,49.7414491,node/3756971303,Bad König
6.5859217,49.4946897,node/3852411620,Keuchingen
6.4444208,49.634293,node/3908631392,Köllig
6.4988303,49.6805609,node/3910450772,Fellerich
7.5927544,49.6889632,node/3941779020,Löllbach
9.1596151,49.2297736,node/4092247523,Wimpfen am Berg
9.1800052,49.2318212,node/4092247524,Wimpfen im Tal
6.6087672,49.4483767,node/4163433921,Ballern
6.604379,49.4508807,node/4163433922,Rech
6.597277,49.4580882,node/4163433923,Ripplingen
7.1519119,49.1864983,node/4225563939,Mandelbachtal
8.6940781,49.5070588,node/4663074289,Heiligkreuz
9.3321079,49.0416774,node/4717842752,Schmidhausen
8.8079318,49.0259291,node/4914966082,Hohenklingen
7.8607771,49.2797264,node/5209148839,Hofstätten
8.699879,49.5212351,node/5656136307,Ritschweier
9.2892938,49.5951004,node/5830270130,Hornbach
9.1914422,49.5611317,node/5832688702,
8.6505756,49.5035849,node/5856224542,Hirschberg an der Bergstraße
8.1733901,49.7419507,node/5966235129,Gau-Heppenheim
6.37869,49.5892164,node/5979620273,Wehr (Mosel)
9.1987706,49.6151172,node/6179470349,Buch
8.5157454,49.6022625,node/6179489365,Neuschloß
8.1632602,49.5791583,node/6180576249,Asselheim
7.223449,49.3301355,node/6284888913,Ludwigsthal
8.7081696,49.7416001,node/6429026236,Wurzelbach
7.4955878,49.5425922,node/6519056002,Friedelhausen
8.3933508,49.4226572,node/6696620858,Limburgerhof
8.5126716,49.0661377,node/7259253948,Waldbrücke
8.6296499,49.3770695,node/7264818176,Patrick-Henry-Village
8.7485343,49.5275761,node/7334470044,Trösel
8.7270045,49.5334654,node/7375858529,Unter-Flockenbach
6.7864743,49.6350621,node/7398113512,Schillingen
8.5797925,49.7187117,node/7417930973,Rodau
8.8142055,49.5868447,node/7447358443,Gadern
8.6548779,49.210803,node/7578199635,Bad Schönborn
8.4639483,49.0483904,node/8094528429,Büchig
8.6590075,49.4050095,node/8403327550,Urban Four
8.6222548,49.6779801,node/8762071279,
8.6128644,49.6391963,node/8762124115,
8.6660296,49.1433658,node/8896017686,Unteröwisheim
8.5099518,49.1139743,node/9264790532,Spöck
8.7503582,49.1035815,node/9500495448,Gochsheim
